Occupants,Temperature,Humidity,AQI,Energy
1,25,50,0,0.5
2026-10-01,14:17:47,1,25,50,0,0.5
2026-10-01,14:20:58,1,25,50,0,0.5
2026-10-01,14:23:41,1,25,50,0,0.5
2026-10-01,14:26:31,1,25,50,0,0.5
2026-10-01,14:27:34,1,25,50,0,0.5
2026-10-01,14:27:39,1,25,50,0,0.5
2026-10-01,14:27:42,1,25,50,0,0.5
2026-10-01,14:28:19,1,25,50,0,0.5
2026-10-01,14:29:50,1,25,50,0,0.5
2026-10-01,14:34:28,1,25,50,0,0.5
2026-10-01,14:36:53,1,25,50,0,0.5
2026-10-02,01:58:42,1,25,50,0,0.5
2026-10-02,02:01:27,1,25,50,0,0.5
2026-10-02,02:22:03,1,26,78,25,0.5
2026-10-02,02:26:55,1,29,47,55,2.5
2026-10-02,02:29:30,1,30,60,48,2.5
2026-10-02,02:35:23,1,32,55,23,2.5
2026-10-02,02:39:52,1,23,61,82,0.5
2026-10-02,02:40:48,1,20,59,44,0.5
2026-10-02,02:46:16,1,29,65,117,2.5
2026-10-02,02:47:23,1,20,70,24,0.5
2026-10-02,03:06:54,1,21,67,22,0.5
2026-10-02,03:15:32,1,31,79,30,2.5
2026-10-02,03:18:27,1,28,48,114,2.5
2026-10-02,03:24:54,0,29,61,28,0
2026-10-02,03:30:16,0,20,70,86,0
2026-10-02,03:35:04,1,23,49,67,0.5
2026-10-02,03:35:04,1,27,53,71,2.5
2026-10-02,03:35:09,1,29,73,109,2.5
2026-10-02,03:35:14,1,31,52,46,2.5
2026-10-02,03:35:19,0,21,73,85,0
2026-10-02,03:35:24,0,23,52,22,0
